{
    "coefficients": {
        "Ti": -334.70111100854268,
        "Ba": -334.69943297312454,
        "O": -1004.3086898330757,
        "Ba-Ba": [2.4221598281592249, 2.4070563292452789, 2.3768493314054426, 2.331538834627775, 2.2711248389003376, 2.1956073442111941, 2.1049863505484097, 1.9992618579000514, 1.8784338662541884, 1.742502375598892, 1.591467385922235, 1.4253288972122924, 1.2440869094571396, 1.0477414226448543, 0.81376727569080098, 0.59008678399420667, 0.41659038009308841, 0.26944093220058413, 0.14144650326977692, 0.034291849752129691, 0.089183068155191392, 0.066381022889415595, 0.038319262651879016, 0.015240673134245696, 0, 0, 0],
        "Ba-Ti": [8.1421740460459358, 8.0965824137720954, 8.0053991492128649, 7.8686242523567014, 7.6862577231920719, 7.4582995617074497, 7.1847497678913124, 6.8656083417321438, 6.5008752832184351, 6.0905505923386842, 5.6346342690813973, 5.133126313435084, 4.5860267253882601, 3.9933355049294468, 3.355052652047172, 2.6711781667299661, 1.9417120489663637, 1.4232985394061406, 1.0243245801723027, 0.6993987307335171, 0.46850271993519665, 0.30208601274313784, 0.17299315628365786, 0.074451128847069253, 0, 0, 0],
        "Ba-O": [5.0438103752705112, 4.9475345378398954, 4.7549828629739102, 4.4661553506678073, 4.0810520009168467, 3.5996728137162903, 3.0220177890614028, 2.3480869269474511, 1.5778802273697061, 0.71139769032344169, -0.25136068419606716, -0.65627917226311272, -0.71673595213644881, -0.61460358469758725, -0.47142889976732028, -0.33800643721238482, -0.22640986506732852, -0.14045811018375365, -0.014531717795548181, -0.06947172260890315, -0.023907731998159456, -0.0047866555339089786, -0.00079102130081312922, -0.0018943951211091569, 0, 0, 0],
        "Ti-Ti": [9.1429936192911274, 9.0639579362568554, 8.9058865701891428, 8.6687795210888297, 8.3526367889567652, 7.9574583737938065, 7.4832442756008177, 6.9299944943786667, 6.2977090301282299, 5.5863878828503912, 4.7960310525460415, 3.926638539216075, 2.9782103428613924, 1.9507464634828975, 0.84424690108149858, 0.44144158559336433, 0.19071649412268885, 0.17122218944045017, 0.15134122925479898, 0.11185656117968659, 0.019922942160049608, -0.024992261042170595, -0.017611880431961165, -0.013914370655169189, 0, 0, 0],
        "Ti-O": [24.950557408857001, 24.058643941022158, 22.274817005326433, 19.599076601743807, 16.031422730248288, 11.5718553908139, 6.2203745834146753, -0.023019691975344991, -2.0968755098084721, -2.319366227057353, -1.9254502885864297, -1.5384037565705724, -1.2368157255599252, -1.0092882847364995, -0.86122884036299452, -0.71522499473689261, -0.42511521817971859, -0.25569882942094313, -0.20669988427536767, -0.13964648314214492, -0.07977214400690244, -0.035198979807295805, -0.005234713728418279, 0.0015409189849175898, 0, 0, 0],
        "O-O": [2.2328417713328483, 2.2175866885136215, 2.1870765228747024, 2.141311274415628, 2.0802909431359375, 2.004015529035172, 1.9124850321128732, 1.805699452368585, 1.6836587898018534, 1.5463630444122263, 1.3938122161992539, 1.2260063051624868, 1.0429453113014773, 0.84462923461577877, 0.61168164324355612, 0.39751690269765338, 0.27232513070071002, 0.1972939140003514, 0.16536998976480086, 0.14865971481642332, 0.09710090593933686, 0.048471858105960823, 0.016450986393311686, 0.001625312125393202, 0, 0, 0]
    },
    "knots": {
        "Ba-Ba": [0.001, 0.001, 0.001, 0.001, 0.26491666666666663, 0.52883333333333327, 0.79274999999999995, 1.0566666666666664, 1.320583333333333, 1.5844999999999998, 1.8484166666666664, 2.112333333333333, 2.3762499999999998, 2.6401666666666661, 2.9040833333333329, 3.1679999999999997, 3.4319166666666661, 3.6958333333333329, 3.9597499999999992, 4.2236666666666665, 4.4875833333333333, 4.7515000000000001, 5.015416666666666, 5.2793333333333328, 5.5432499999999996, 5.8071666666666664, 6.0710833333333332, 6.335, 6.335, 6.335, 6.335],
        "Ba-Ti": [0.001, 0.001, 0.001, 0.001, 0.17054166666666667, 0.34008333333333335, 0.50962499999999999, 0.6791666666666667, 0.8487083333333334, 1.0182499999999999, 1.1877916666666666, 1.3573333333333333, 1.526875, 1.6964166666666667, 1.8659583333333334, 2.0354999999999999, 2.2050416666666668, 2.3745833333333333, 2.5441250000000002, 2.7136666666666667, 2.8832083333333332, 3.0527500000000001, 3.2222916666666666, 3.3918333333333335, 3.561375, 3.7309166666666669, 3.9004583333333334, 4.0700000000000003, 4.0700000000000003, 4.0700000000000003, 4.0700000000000003],
        "Ba-O": [0.001, 0.001, 0.001, 0.001, 0.21908333333333332, 0.43716666666666665, 0.65525, 0.87333333333333329, 1.0914166666666665, 1.3094999999999999, 1.5275833333333331, 1.7456666666666665, 1.9637499999999999, 2.1818333333333331, 2.3999166666666665, 2.6179999999999999, 2.8360833333333333, 3.0541666666666663, 3.2722499999999997, 3.4903333333333331, 3.7084166666666665, 3.9264999999999999, 4.1445833333333333, 4.3626666666666667, 4.5807500000000001, 4.7988333333333335, 5.0169166666666669, 5.2350000000000003, 5.2350000000000003, 5.2350000000000003, 5.2350000000000003],
        "Ti-Ti": [0.001, 0.001, 0.001, 0.001, 0.26304166666666667, 0.52508333333333335, 0.78712499999999996, 1.0491666666666666, 1.3112083333333333, 1.5732499999999998, 1.8352916666666665, 2.0973333333333333, 2.359375, 2.6214166666666667, 2.8834583333333335, 3.1454999999999997, 3.4075416666666665, 3.6695833333333332, 3.9316249999999999, 4.1936666666666671, 4.4557083333333338, 4.7177500000000006, 4.9797916666666673, 5.241833333333334, 5.5038750000000007, 5.7659166666666675, 6.0279583333333342, 6.29, 6.29, 6.29, 6.29],
        "Ti-O": [0.001, 0.001, 0.001, 0.001, 0.21429166666666666, 0.42758333333333332, 0.64087499999999997, 0.85416666666666663, 1.0674583333333332, 1.2807499999999998, 1.4940416666666665, 1.7073333333333331, 1.9206249999999998, 2.1339166666666665, 2.3472083333333331, 2.5604999999999998, 2.7737916666666664, 2.9870833333333331, 3.2003749999999997, 3.4136666666666664, 3.6269583333333331, 3.8402499999999997, 4.0535416666666668, 4.2668333333333335, 4.4801250000000001, 4.6934166666666668, 4.9067083333333334, 5.1200000000000001, 5.1200000000000001, 5.1200000000000001, 5.1200000000000001],
        "O-O": [0.001, 0.001, 0.001, 0.001, 0.18512499999999998, 0.36924999999999997, 0.55337499999999995, 0.73749999999999993, 0.92162499999999992, 1.1057499999999998, 1.2898749999999999, 1.4739999999999998, 1.6581249999999996, 1.8422499999999997, 2.0263749999999998, 2.2104999999999997, 2.3946249999999996, 2.5787499999999999, 2.7628749999999997, 2.9469999999999996, 3.1311249999999995, 3.3152499999999994, 3.4993749999999997, 3.6834999999999996, 3.8676249999999994, 4.0517500000000002, 4.2358750000000001, 4.4199999999999999, 4.4199999999999999, 4.4199999999999999, 4.4199999999999999]
    },
    "data_coverage": [true, true, true, false, false, false, false, false, false, false, false, false, false, false, false, true, true, true, true, true, true, true, true, true, true, true, true, false, false, false, false, false, false, false, false, false, false, false, false, false, false, false, false, false, false, true, true, true, true, true, true, true, true, true, false, false, false, false, false, false, false, false, false, false, false, false, true, true, true, true, true, true, true, true, true, true, true, true, true, true, true, false, false, false, false, false, false, false, false, false, false, false, false, false, false, false, false, true, true, true, true, true, true, true, true, true, true, true, false, false, false, false, false, false, false, false, false, true, true, true, true, true, true, true, true, true, true, true, true, true, true, true, true, true, true, false, false, false, false, false, false, false, false, false, false, false, false, false, false, false, true, true, true, true, true, true, true, true, true, true, true, true, false, false, false],
    "knot_strategy": "linear",
    "offset_1b": true,
    "leading_trim": 0,
    "trailing_trim": 3,